id,username
412834763,sofy_sgd
677026896,aclex___
4916223523,heavenxeyes_9
6930931305,_gabifogonza
9074182033,crunchy.chip
9209891869,offpolo
11707063812,davidgoncalves490
12143063725,laraoliveer_
15511910644,ally_gateau
21395998889,kapi_l434
24894814968,jxse_fiin4
35073161146,n5a6d7
41477108698,muskan_sk_official
42836958561,alonemunda37
4103238471,jase_i1
38276468062,carlosgutttttyyy
40684637465,ester__cl
31291184222,adil.kg.1505
21048358449,zino__069
44261345045,bguy5225
34856628831,gs__alondra
12580882983,assuntadigrigoli
8018552455,rio_berlyan
44118666340,yogaburnchallenge.com7
38002911501,w18mn
27751392970,danny_.9669
4132506821,error__try_again__
3216351308,krustunyshka
15265897858,mahmoudnouh_07
44478441270,juanc.amilo126
8256764622,quadri_official_
34448039545,branded_status_mh29
44091414163,workcr
44020294468,mmdvalizadeh1
4298847623,maria_torrealba145
3136613225,faraalfrd
9730425698,carlosdani556
36319808688,ayush_king_34
4218771431,piyukumar_007
40923316036,raja._.jogi70
21447103576,sarai_medina16
44131608354,riguell_153
38180806506,asifhussaini36
18525210750,moussabharaachi
276908433,cristian_bellomo
39448051492,its.leslie_10
5821081266,robsoncdias
2351727673,yeniiikaaa
44476281700,mayercitla31
43851377229,ianshu.srivastava
29857469910,mariel_mjr
9166728887,malutrevjox
4111361782,swagger_sunil_dfc
41567059133,milkiss._
44422742699,lindaestefanibena
17824247042,_taufiqualfin.313
7163955918,jullietehc_1007
44477553529,edosacharlie
34369656843,luciasolis55
44106259660,graziela.sousa.9212
28487435997,raosparsh0096
4138802280,oms__0
44274377763,alexdeepak53
3173141947,_annna_111
44279883971,gabrielade725
25299485257,singh_tara_yaar
41121105911,kar0la_elo
32049489993,olhaabio.rafinha
548606346,aarsh_03
43309181644,rahulbhagat6970
8286995326,munjal49
44237396859,klkdyw1326
40370615512,ko_k3a
5631425838,elisabethherari
2248110143,oscar_vela11
44449492259,ahmad10301040
44078183783,chandler50.fe
23863315457,yross.777
8546315355,karolina.stefanowska
44187389620,_bostellino_
1907473565,laura_gissel_0712
19599419507,keilyferguson_
4437954130,adolfojimenez__
4853656778,m_wali_8_6
2050299339,23ziya
1536709761,candanosavanessa
378210401,guoxin97
16104851830,sayyad_asif_husain
26927654212,badgod_18
2224085182,awesome_kakkar
44086910294,notatkizdziennika
8461989090,geminiscayacamargo
34642250001,_aish31
5989022916,vicky_khaddy
43769443890,j.reinaldo_21
39911858757,iisraelpereezz09
7988790383,sushanth_bhogaraju
2671506231,thalya.bl
38572905722,_n.i.k.h.i.l_b.h.a.v.s.a.r_1
12140348822,ilias_khatb
37695101856,daritsa_05
40956572294,bandit_the_mutt2
5367987107,kt_shuhaib
44419479422,vans.hika9949
29647718075,_maurii_brr
44401589673,parsa.amirii2005
8397822581,an_gela2323
6763602023,juan_manuel_cruz_garcia
43773968279,deuihfd
41467954737,_urs__love___
41118993737,vijay52528
7914319182,ketevnn
44245871697,wajdi.fouzri.01
6991775256,aracelly_lokuras
39266935720,__krish__r
5339920887,joss_jimenezzzz
14308628557,vivianaandrader
14696115778,shayan_353
5473350228,irsyadfahrezi
1338078105,anna.gaarcia_
43737434691,shelovesrea
21905317478,e_chris08
254457296,almer_83
38339197067,_.avas001._
23149773562,allspeedqhien
16660810645,bangifts
10471632459,eylullasli
33169979588,dennes_filho135
44653664192,aleta_jr
44294090260,brendatatiana221
5894064693,anyatrsv
8413935921,gatsby.villalobos
375373846,chesscortez
44427688913,step.hen839
44256022640,ruslan_n76
34636226435,_nadoosh__vip_
26670073219,aariannarivera
7380984457,maaxx_s.p
3026596844,typ.rafael
2254947580,_iamsher
8722346603,alienboyyyyyyyyyyyyyyyyyyyyyyy
44057780161,bv.nus
26091106026,sweet_lies.07
6791794100,_m_i_w_k_a___
40816997133,fff.aaa.kkk13
18779255634,_denishasani
6224712357,gaby.padiilla
8080728602,___duker__kid___
39154062965,ff.lent1
34168020371,sthefanylugooo
35814960091,bruninhaa_pereiraa
1456628077,sheila_rhlm17
929101725,marlobo08
44201582761,alison.loppez
4363460880,sanjaykalwadiya
4682444139,_lvcci
44266613686,brandonraulgutierrez
40664249929,fanof9102
29209468131,_._kxif_._
13201231080,ekv.zz
43691622250,hemant_pandit_25
43812799970,joserojas.10
8202677379,_giuseppe_gennaro_
44113859062,johanna_coyle
39235310433,daviidmiguezzz
2013628224,jacobo.jpl
44451098881,proven800
7846898997,libe.arruabarrena
3132072318,jyo6177
44292394817,sebast_1oficial
19521090056,fatoumata.hml
42903230887,leonet_1444
35581425477,junay005_
1692182434,mito.barcos
8209233967,faisal_hz_
3484195520,jorge_torresferreira
40839714367,__call_me_kush_
39244465516,patil_atharva1
43727398246,ppl_call_me_mr_livik
42543271286,helen_tu_error
44116650523,alancastillo757
31346595734,m_u12_k
13936842325,jintcharadzemariami
5818274610,trinh0ngha
12093639278,fasr_2002
10754175810,1mariusa
6215477080,k09k_9
7693348602,banzaislz
44110875686,andreavalle_08
6117126059,harikrishn_10
12724193781,abhishek_yadav_1998
17398522748,jose.luis0910
43891539999,ebrvgr6187
8935460855,and3rs0n.593
27654715181,rzkystwn_132
14765850451,giacas_design
7180925982,_shravani_14
31551314511,odnorazowaya.ypakowka.minsk
7360770557,lavender_cloud_
6900980066,marco.castillero
5828739291,mohit_gupta.xr
34014385283,_yogeshj95_
6838510781,yasminelhari
44125561377,gblo.ssom
12097356282,shoxrux._571_
9177802898,anuar_tame
10414726551,vitaliyyarmosh2309
43798355953,sexlover_14379
42757124217,liiny_alvess
1688928594,carolinac.23
44224365889,amakhaparis.marcos
34700628994,__bad__boy__rk__0911
44311368366,danah7478
3081504519,a.mitchel_30
44098981316,deliannis3
16941704458,_giuliaveltri_
10144990817,oficial_rafaellima
8490853206,kiladi___8477
42993531938,hroud.wea
6944919969,adrianmontiel75
44450364247,scarlet20081
44291074251,nails.art.perfection
44004188562,ligthjactroom
9938198993,g1na_hh
1595409348,jframcisco24
10982868048,paula.ort99
43854850670,cricket_fan809
5565149591,merrveocakk
9017077051,gayan_alan_walker_
12367144346,__kishu__26
5876850034,miguel_fernando_flautista
44217244185,giuseppe_derosa92
44264560594,wanshika1919
1486312927,jesusmorr
7615524374,maria_cantum
6855241155,abhishek_zone_
43595770560,arelys6927
44256678993,bouch_ra122
31980847138,rika_stro
27620929301,alfaz_hossain_anas
3618637851,timur_abdullin17
11227477311,mariam_mzhavanadze
6936256862,businesstutor_ig
44030391639,princes4sarah_
38527707158,ranim_2004_12
8605591086,gokdenizbayraktarr
3235577149,sljgvm
31508283404,lapetiteliz.gt
22332612497,bez.provodoff_
3203868336,saaber_ouerghi
21633268243,sa_bi___th
1922968123,canales_leticia
42417687649,youtube_sefa_
34891395735,ghost55829
5733106647,emiii.1205
39408805938,adi_tya.33
21232495912,haneenbash0
42613017525,aranya.004
38720074450,different_person0000
33367158841,stopununprivsucuku
340418937,mcarrillom92
7010139814,m.zia_ul_amin_mughal
1131963803,andzsz
35117470208,your.weirdfriend
1564958265,aldocastilloh
44068061628,ronaldo_a01
10585044672,sunshine__di
10643913025,legend_rebel_2.6
44300009498,sara.rossigliano05
2373872641,_munteanu_iulian_
467141909,georgioskonst
2038942013,cedrickkobegonzales
31623658129,dixx._manuzinhaa
12404618248,meer.sherry
44098677467,leoenriqm
41350240709,dilmatorradobayona
5551667406,yigit_alp_ataman
42675951045,drkhrdmvrck
7411233605,someome__else
1964515351,minsat_fariha
30873405789,kkader.d
13454748495,mar1sa_hh
7195838122,alexanderbttk
39948382677,jesuscarreno13
43874551471,abolfazlmohammadi8783
36306930489,latvian_lat
6261421796,adewput_
3420177075,ayla_onlinee
44422031052,nabilaathirh
44265757816,rive.rdzle
37200744225,rojas_monny
43761774908,usernotfoundagainops
8640380327,abigaillopez.20
7160349058,nataly.ramiirez5
44102283633,samuele_ambrotta02
30627896067,noah_dlt1
3296115564,francoflores5908
39572570468,tif_latef
44654832008,lydia_anne
3667132619,abraham.celis20
36630931889,gym_active_ig
8377551742,ba_bitttch
20027296401,avinash.gorad.143
6294818554,alejo_1138
33741960802,udontknowmehh__
1625480742,gustragogallarday
2100319020,paxinto
43880390643,mrtddndsh
1513378788,papadopoulos.iak
25710512831,niyazov_s96
2173277471,mariafdr323
210707868,shahrzad.kouchaki
847691346,daniellegutierrez_
1074867522,ximm_mc
40398841077,as_ca06
43869709493,myballssacc
9552016472,arthur_farhiullin
2198426398,tifany_martns
36622330889,x_sohel_xx
44066182500,davlatshoevromiz
5580503730,gustavoflorianz
25355738829,zheinaaaaa
6934064237,_its._.tej_
44466098843,ifakunle8247
2083962091,men3m.3iisa10
8580108812,l.x_.sukha._.maan_.x.l
10219758082,hrushikesh_sadar
12913375985,hhavvaa_nurr
42657255505,carlatrobbins269
9783972837,sharanthecollection
44270997084,__costume__sala__7
10332142530,torales_lucas23
12594374117,simone.andrade._
3995604095,tess_69_29
33017785143,car.i.m.by
10031223287,k3lzzzz
4323392605,yaryna.voloshyna
43893601844,mr_shevgi
44088524291,unlucky_guy_4_
44448179976,elia_naomy_hwvruwannacallme
44080723230,duaa98h
36409732453,babunuvu_kmit_ah
6379043905,irinakhatiashvilii
1672796478,jarc_manson
7072387348,sneha_koosuri
38563670193,delfina_soriano
2580529782,gleymar.alejandra12
277493905,an9kovaleva
2118747741,_biah.andrade
6489797078,andreina_0705
44303152136,aujla7109
4296835316,_danish___hussain
44444076378,thaiiis.v
4359469838,must_be_pratik
9490401685,vitellimachado
41419458768,enmanuelcastromesa
2036897212,farru___04
38939082611,spaamweirdo
26469490602,lukehellstern
6864593179,almamiletkhan
4474228946,fonamattia
4059023571,zethesprouse
42488099953,vintagee999
3249787443,lxsa_berlin
484959033,acaymo18
44424388847,0.tmblrgang.0
8519994428,yokupjon
7999953545,rj6_8
4411969349,ivazor77
4166478279,beatrizf91
804878986,gianlu_d_c
35178302387,sokhibjonov_7267
44091669997,jenner.oliveira
40969376457,hera181107
36047463891,saad.nizam.17
38804715901,stiven.carvajal01
3270172543,ma_manish1
44454257006,akaoaowpqpqpw
14667759,eretanar
44064224377,smrt_lad
6056632856,sina.hubert14
44261606265,sarain.b
4042740315,filiipa.john.son
31592797419,__parisa__lo
33517643605,narinkeseer
40491338639,_the_loser_stranger_
9995154512,thename_is_anand
43646961317,araatzgym_
1426329579,paulina_nowacka
38920220171,mava.es
9393770212,yakarias_danielrl
5377466749,_yulya_arhangelsk
43999828165,renan_riquelme11
5516494874,maidberg
2276511940,tony_basile_
43245228184,angelshine2610
39382989986,ayouya___14
9307155966,nandah_ramos97
7085348695,kaleriya_r
5629394614,kenza.psc
33241058375,berke.bsl
43270159438,eli.czo07
7771183666,7il4e
44284379782,eric__259
36655155389,lil._stupid_
13974432507,doniagussetya08
5536534536,mr_singh_6703
27256916064,eman.anaya
6306522312,upoma.whosthat
865731056,myychaan
23181365265,nutella.uniters
34831467176,ruby._ff
1200334905,gabinomedrano
32449174227,harami8184
43654991355,pedraza6146
13860157938,youngballer2121
44258606901,ahmedabbas1133
8675507961,harsh_khtri
2230513428,1murzabekovv
4509681800,smita_tiw
1419740760,_diiila
333968255,ivosvetcoff
44307632865,mel_rauzy16
29112599524,icetro_key
5752397856,a1danaaa
40471353459,moha.fawaz43
2183516505,srizatlmzh
43872435860,uykucuecm
44066706965,ziya.o77
44413148038,abd23451
5674374620,itsalemnur
8517234135,vivien.horvath2
6655102091,theunluel
30828321054,davidmontes8811
43862178454,axel.bill7
44077831674,ali993657
40401516122,koreeckirc.pak
30776672480,funggabriela8
38953304319,zehra.sl21
852708427,colo_vigna
44106419591,arianyosouza29
41165459620,posit2ve
2243138261,vaibhav_46vr
17769951269,its_dani1908
2225764214,lauryscasares2110
6806878411,jonnarauhanlaakso
44463699055,its_daaniieelaa
10022287265,king_of_my_ownn_world_
41684977702,elisavigolo._
5337935494,mr_d_o_y
1918358985,sonny_otgo
8560554728,adam__alshamee
44217039334,zaqvvx3871
14585505,yashleyyyyy
30653474518,iiremkocaaga
38300618797,kiara_k123k
8700885582,mr_._extinct
44429596234,emanuelncosta
31320071603,luccas.005
7410866622,spark_.204
28048197,tinalugtu
7491868972,monserrat1517
44445897521,4.dlli
33933580153,_.marykia._
17185907654,b.eki_
31729512812,alegomez65._
40479686517,pzena7450
26991847222,felipe11198
44271917191,bayubahey
2188872943,a.yahsi06
2272188589,me_diicen_diiabla
44162079196,abhi.shek6308
44079951129,richard.criollo.m
32798992046,iamchaimaae
7880980857,courtneydempsey49
4636506607,alexandra_guilar
882569200,marycarmenvela
20494115449,y.9gr
9774971488,jimenaleon378
44426741035,mr_rishabhsir
561652730,biernat.a
1383879604,giovani_fuenttes
44653272211,paan_dulceeee
39401526651,thatgoodguy10
40962460315,stefanberrysambuaga
29702107595,luisangel.valdesmercado
43700493414,ameline_rnt
39853584073,10among_us_
1400591922,clara_vidal02
44643641112,ajuajmal3530
44271669273,kdkdodoowoek1988
10418072768,juanitavaronzapata
2043266950,josesplugues
10684476519,alelopar95
1626648239,manuelshowi
41131854356,mediina__09
2106660982,fedeeschaub_
44245982974,ga.utam8084
36828929709,nalindemir14
44259942864,juan_arias52
3139448613,julion003
42565309401,photography_happiness10
44262846239,mokael5656
22030029078,_le.lct_
7532629711,2005.adam
11698187498,rmlk_ne
40632302610,6.9.g.1
4048439727,mario_valencia_97
7403868864,chris.devil8483
43834235093,vane.tuiran.39
44262929833,demelloju
34099833073,khadirov0400
41345819840,midou23334
2186424714,caveiramassena
936287367,keirysss
1607710464,cah.leticia
3663678325,scherbakov.a.a
44061628253,candyalexandra4
4458275967,raflykusumaatmaja
603347156,surrealic
5525273600,yahya.ac
16744717439,maxy_bw
5779339705,t.a.leshenko
4012320460,selvakumar_77
3965126946,_ikbenmathis_
41618948849,asbun1992
12883819435,habibaa_blnn7
3162184505,salomegor
1765889404,anthony.x.t
1693402765,brissigarza
33900716966,aibala_suz
35929944012,pusatxpp
34718155928,delahozbracho.liz64
13778632082,rjuanmx
12009498929,keval_410
6318806099,jimenezlorentefelipe
4570521883,turgay7.7
4252796224,caboclo__
9419324756,pratham_gotmare
5504916432,thakur_pawan_100
3479388826,lucasmendesbatera
734315216,sandracte
43790230208,estre_heraz30
39192088845,sfond.istories
43846734531,evel.in95823
28391351127,nekruz_pirov_nz
8645616293,mahesafuckingpanjii
2229733205,iara_brunna
39859532914,lu_1318c
4045401015,mohsin_arived
43056933749,mr__prudhvi_reddy_05
17643761184,gadgetcba
1805185819,nuri_bilibashi
38325093746,renatavitoriadearaujoferre
5479265575,alexa_enid19
41526133063,hannavalentinaquintero
25343311105,_javigil_25
35123353701,mirage__khan0
7287818379,icaroedrei
4207842481,bishop_vuitton
2023402263,amandaavilarr
26008843598,salve.mohit
1701535784,kurgansckaya__07
6867506509,_araujo_iza
5753298924,tumanowa.y
30859860808,spammm_atharva
1761481786,emre.mirzaoglu
22100412942,dulcezazueta_.r
44424547160,seeijx7033
4110770787,adan_amarilla10
44263901684,1mrvnov
42109333208,mr______harsooo
25005130976,______aibek04
3847504675,camijefy
3121877292,cata.sabella
44094589470,q3v.v
44095093867,ishaan3006
39524266572,louxwalls_
2524725849,valeriatopchy
1810747489,fvizentini
44654200202,2_pretty_fo_chu247
44125417310,rizzoolua
40440765848,britneywangarimaina
44467594662,etesech195
32406277916,shirleey.ddios
29924930300,yurdaqulk_
6367278948,ksu__ray
8564655532,footballtrollzpage
42421610425,octoberstore0
36035257375,candeirataylonn
13127667703,drcorread
34606538000,hey._gabi13
7700809081,adnan__khan__lala
2988465056,carinavalerio11
1211920450,krizzdiaz
17627675155,i_am_kunal.23
8187570678,nxna.93
36259291784,unique_aby
27399609450,razapoetry
41216719791,anmolmishra5089
2398946666,lilvince_1
39131268595,__yasmin_18_
43895127899,njerujohn222
37611678150,yash_kumar1770
1532758190,flah_camargo
3460005555,the.baquedo
38043033202,abubakaraamir01
23457692687,saksham_op
5350572142,_.thallita_
7402063598,_01_tolga_01_
3072254992,pak.karina._
29422189889,johana_av01
44405581245,m_a_n_u_mh
4206301847,mariaillescasangel
3974894204,alex_carrasco_lira
6199961904,yesicaor_rmz
20203227898,denelsilvacosmetico
12162846621,s_im_play_boy
9941975555,w_radzikowska
44476137065,devin.middleton.79
44421047070,aldebaran_italian_jewels
43550785643,claraschzp
44441445317,boni.ta542
24027311663,varmansanjana
11049562239,ak_enaanaa
1609729874,keskin.busra1
39433444014,clebermarcal6
3866782359,_killakween_
7439027918,abdalazemragheb
7189098537,nitesh_sahu___6494
3658101995,silviaabarckaa
9551066543,sihem_adhouma
12036186799,olkajaromin
44308336179,rebecad331
38450052590,akin.lopez.o
44045502178,oussamaboucherouri
30551963522,shubsk_11
4169098791,vivianaa_4998
44644017163,luis.orozco.944
44116440783,dylan_sprouse.dem
3153708382,jacob_garzonm
44442956157,korbi.farouk.officiel
9631616248,yakupsubasi0
9064356948,anderson_santos2011
7011626555,landlord_bajiya
42259912079,prashant_attri321
13843897543,dse.samir
6746121992,didihappiness
44459619392,esteer__expositooo
1571954400,priscilalopesrr
44421933662,7742.di
3495909354,hun__14
39537546571,christophersoto1702
7755496884,gaellimaa__
12889624923,elyhann.arteaga
1344570749,yolanda.sll
40474998396,badxjamin
3716563765,germanmunozajr
42853005834,saini.decent
8631427559,sahilsuri45677
44258782798,dantedelrey69
31730127044,gnsciftci
43863481561,deyalitfernandezmolina
44431934118,jrjrkieodowkwi2
44119594363,soficat257
33309926581,marcelovillalba_46
6366355041,marcyele_neves
2279042091,samarthhhh.fo
5998622071,aadil_husen_315
13014450985,girija.s_patra
4675833474,mateo_ar7
247293396,regina_r21
3674824657,ll_haleem_ll
1663721109,flora_lair
4316529367,e33o.god3rd
30900180419,sxsx_bt
20260630893,ginevragiglio__
4791174560,nourine_hami22
38720097133,irvingeliel22
2972451991,aertvm
8989398363,skull.ing_
1662052861,pei_chun41
44131088542,thaira304
43870276416,indirectarota
21845218685,rl_berny
11087389884,isanahamdi
44088851898,kingworld20m
11343867886,mr.op_ii_
7088408461,jhoandy_pc
5744880062,t_ir_na_1214
4902755066,valeria_panchenko16_
30770983559,wwe_2k21.0
8128239646,vengeance_is_sweet
31383676773,_saratriboli_
43877871709,ak47_bilaspuriya
40323781829,ill_w2v
29353095446,pelz2022
17879090857,bmashlee
3276542693,tanya_kulishenko
43711364496,arsaew.1
8596087118,seele_perez
4187379161,giorgos_gnx
2209364455,aldryffaria
6119217841,villareal_yazmin
10011474949,somil_khurana
44472634057,joikerperez04
27408569594,azizbek_ismoilov_
41481878643,_mannat_sharmaa
44421591083,makeup_layana
1482772667,dannavalsol
16944817465,iqbalmanroe
8733053473,adnansami726
38675711131,issrs8
43823748114,memes_ki_yakian_forever
27912501226,katyamorgan557
22380142045,02k_y_f06
36782586326,xfaze_moha
35594065088,transmutingbeauty
19352583956,earpaci34
13389176330,xiqe1
12574189076,bendre_14
4490713298,talhatekin27
42505348088,yastreb.11
20326225813,hoori_wxa
15233208909,p7pol_photography
1259443600,_maria.piscopo_
11838572028,vikaschaudhary.9
12563302449,rayellelana
6311292299,saarapolizza
5645919467,oo7____aman
12978848060,kaan_y1ilmz
5637678724,ceren_gayretli
12789627678,alis.glez
40969672327,michaeljackson7_br
19271998010,itz_suraj_rawat_03
43892442528,stitch_liloxs
6019741261,karelidze_lizaa_
3520972466,teresa.cardoso4
2264573504,akadirsevdibuldu
44253415296,greentrendsetter
37845770382,tc.46_a
44098941109,i.love.andrew.harris
34214524442,wissam.111ww
43786117393,_jessicarch_
6772954746,mstflmrnylmrn
44450836032,_tadeasekk
5729978762,astitsecond
40155631780,secondly_curacao
34884738280,_.chudor._
14435072258,heladeria_losvalencianos
853124534,dina_arango
1240579882,julissajulian
1179245102,merii.campbell
9663192872,gabriel.andrade690
8434422784,sshri_njoy.03
4518522357,lis.gomez97
3921314288,jabazvirk13
1743567328,man_preet_87
44239956583,meketatufaimea
36638559548,atilano.lopez.71653
5385259676,ritik__goswami
792679229,albavillegasx
44082663197,ariel_helwani
12627811663,eva.lds_
3611172190,yigitwave
3026019091,amalieepedersennn
4261074236,alice_shivaya
21620666214,samar.smarpit.khippal
1372013436,perrazogracioso
6104588743,lullu_luisa
382316543,andiihorvath
27723982871,mr_nanu_1432
11213397729,aycha_bkt
34185805786,rauseo_eilyn
43868957219,chebb_xiaoyang
44130680630,trinidad__pool
40513059358,_milki_wei_2005
39896096677,hdieizdi
14735071360,ninakononovvalive
7094704595,bxby.yxsmin
671086410,teereh_hernandez
6284853357,____alexx____pop____07____
26965783292,pilar_cordova_
44248895812,_non.me.chiamo_
43416864429,_.dream._photographer._
44084126592,az.ul8740
37131927420,ms.million.46
44255198905,guadalupe_45756
317649724,nnasarre25
44029839107,imbaquingo.ag
34191196643,blackhacker4348
14335385289,ashfaque_20
9233103035,mafer6886
26087931369,mmehr_shad
2000331964,omer.ozgur01
12129837160,ahnaf_nishan598
38806837379,1232_omg_1232
43886844502,fpdmyp9822
17922703487,ayoubalasmar12
1638406350,danny_scrz
42298558845,varun_ki_fan_03
44423301027,photography__886
1651570817,luisotav10
43021850161,rastafaray_ool
5055352019,6_p19
9399368316,sam_squard_666
29861989833,rominyerth
41807184892,danielvillalba87
43845430188,nodirbek06046
21602402562,dzz.anni
4344403105,manuela_g_01
44274940781,icypringles
44082694626,shaban.main
41365191300,josebastos232
21287932550,belgatoy____095
1734699115,aubepine
33864035329,ankesh_k22
16843157,coj3
43868575860,oscar.torrent.90
30660836838,b__toktonazarovva
3549933820,b.bonet95
44417927714,anel.george
44092616535,lrwmnsyh372
4179518570,marilia_andiacc
38429092757,joka_khan
11299994677,tonystarkvishal
10809421879,a._.y._.u._.b
9144359018,patrickblania
25251971128,diegoguzman104
14888778392,adanrousse.music
3088228527,mckenzie_49
9643410347,_samairagoyal_
43739398071,ashukumar4059
23443341735,_bmw_tv_
44306440366,drysiff.510
11710492430,rajankashyap965
9998383828,makeup_andreh
17912724204,influencersmastop
6319669122,its.___gopi
2717856530,bilal_shakir21
44442924165,agus172007
34109567,marcocrescentini
1669666211,mara.ijuana
34956531359,astrid_mc2
26322770222,nhs197
44441251538,eu_marihcarvalho14
42689531303,_chanel_0509
41703089316,christinac.roche
7818213272,telegay_
5898734621,meldo_lio_putra
5618077704,omarking365
9153472051,scamel_04
29619648820,mr_kishu_xx
41102124969,kxalbayev0917
8930229824,anujmishra577
27209606406,iinnggaaa2020
27141444281,penarojasandresmauricio
44177388118,ni.ght9496
14808006533,mohammed.alassi.777
44127272882,dodo12345678918
1733658305,dieegoooooooooo
11156119560,icselgudulerrr
44425078737,edaca.kmakk
44200566658,nini._.love_
1104549221,garri_and
10867947692,fabi.gsi
9138937017,vicky_rumyantseva
559525681,goyorr
347641801,vbtvpodcast
44259238048,erny_johann
44197368998,mandeep_vats6734
40210748422,ekaterinaamakulova
2482956123,joselintorress
1335693701,diananvta
11692161373,xudoyberdi_8
1582930664,johard159
26313087077,here_mc_killer
453414156,jav1er_osor1o
27926363752,danielorozco480
5476130812,r.a.f.a__eltahawy
6270644195,palomachriisto
36413126080,jennyrojas.7
2233076847,sip_earth
38642125145,m_a_firozjaee
42906258836,noseen_0
296751825,cristian_camilo_reyes
6487417403,anggiazharii
199930044,wiscocho
40477604184,_atho_oey_
408041754,gamboa_renny
1070790351,josebarraez
7045820572,_gorkem1925
14593149101,murat604_
37230150290,somnathsabat88
44468354599,jorge_gz.ou
8069323850,luisa_paramo_13
44228422985,maddo.mix7
39323834859,odette_alan1
26038129468,love_doner.143
5911594179,resendizmons
11187414,jencalanda
4856165235,harsh_sahu.ex0
2155401657,m_o7n
44132608159,caxdrzz
40937144656,bekturov__maksat
44008420687,mywor.ld01
9447072319,sfnrk
3655792932,mohammad_nazzzalll
25484736123,yas.garciaa_
2035708850,ale_lupisss
24018362556,its_rimido_
9498052198,cami_bmendez
6477077679,andrea.trebeschi
8592433094,akashchaudhary885
16658324999,alejandra_pj_018
44452634012,nc_cj9
4506438141,phe_bs
41398288719,pizzalike99
44075471654,funa_a_lucky_brown
44260810795,sanjuktr507
1529238606,alicampregher
2055424439,samyyrt
29145422966,eyaoueslati2
44251832541,arisbeth_04m
30793856353,vittoriavisentino
7803788914,4141___l_a_x_m_a_n___4141
842199109,nico_einersen
44427846144,_mut_20
10092376505,penalozadaniel78
230564583,__perepelka__
6768288001,aymen_._bd
7188102235,shadiyarova_z
6831460918,roman_csa
43551703982,matillavi
23161551569,sabr.ina343
3284993905,wiv_73
1292293998,moya_prelestnaya1
4132673998,vv_lery.sik.kkk
44401576806,royrathore898
44093725573,lr.qy6005
28425594903,salhotra_saab786
12268421161,mohd_kaif_gour
1969686101,rawaachawechi_
1464588086,jlg.pacheco
42342961987,ep82463
1085975482,ribello2021
6866873313,marielamartinezzzz
1427757938,nimra_aamir
5517228384,kaanmusluu
43163937383,murodxon_04
7781591644,mijarulmomin
18255155631,justin_hhhhi
668739773,thebaldpilot
14178579791,bidadaritribun69
7937879501,alex_pumn.si.cadavru
12980218088,danagisele
179106132,jaimealdape
44289139120,alessa_1313
44118306522,bychichis._
44269777190,milanasokolova596
40898773758,valeriaeg1
40023027865,deepak__morwal_999
44426494702,psycho_128
43849049254,int_kharabkar
289222499,osmanncaglar
1355900954,ekinciboo47
2364759881,estellee.btr
44299281700,allysonpaolahernandez
44104017383,_nils.02_
1525316974,fatha_drif
5762128244,cataolivera_
1370383530,hollymyers._
39205510332,cadburychunky_
1187677014,islame.moh
43174123255,evge.ny.voron
10947978147,1lyana_
2997938828,daniela_glazman
37001872510,nonamedully
1965745641,evn.miranda
5654434863,alex_roga19
1389020111,mtn_yilmz
34578257590,deffekt666
44254151083,tomasturbao97
41257100360,verteevap
44078994622,giuliamatera_fp
38532670383,ra_y00
44253575289,vaalless_
35628971223,mr.luel
44275596280,pedroslv98
24796010649,syed___saad___46
15895246372,mahbuube_art
7679596224,ju.lia7665
4208886217,borrao15_j
6391520961,sveta_3773
6876664370,modern_dessi
3534882974,martafornarii
18432762747,_laurajaen18
40670167993,sher__singh__rana__fan__club
16440771092,danishusmaani6200
12818135069,cley.saraiva
11111756744,real_rodiwahyudi27
37375622368,imdee713
44460306866,dunyaya_bakis_acim_
1995688257,taisnascimento_s
12875132077,abdulloh2120
8413940716,finsta_la_fer
44456490967,louetsaviepassionante
29360577302,gabrielf_marino
4051984781,alya_lali
39454150641,deniseacanfora
32793260591,deryaaesme
44076495684,albertavergara.2
20006389501,rathan_jhon
44256394334,erte_music
44421255242,miriam_latersa
26438524788,meteebeyx
5533033273,omis_adiuob
4257910287,maru_guanga
4097200196,anish_9999_
39435086426,d.depressaya
6416405326,dolfidiazassefh
7968778132,abigailochoa8a
8520159554,__biswa.ranjan__
44416279865,_lizaagafonova_
41302862000,juancarlosvigorobles
8302335137,ramesh__2421
44246062396,mohitrajputsinger
37832304767,_maxx_rohit_491_
325240247,evandrozavadniak
3534436811,buggaboo_uvu
669401387,huang_ashuang
4367988856,minari.ru
1088882916,melutds
1528419879,danilo_musco
44096548551,raflimaulana909
44434901899,_tuu.morena
1005234317,caroldemorales
34906138378,psyconisha
7900819782,stefania_alexandraaa
12283859383,its_sammu_08dz
8305980755,hugo_ta_oc
41099706605,grizzly700_bk
25964790351,chinmay13arora
44423046623,jhennyfer.paulino.773
15699691547,samirvalencia554
6005993214,a.hlk.clb
43573578533,hadicomando21
